1-0,2-0,3-0,4-0,5-0,6-0,7-0,8-0,9-0,10-0,11-0,12-0,13-0,14-0,15-0,16-0,17-0,18-0,19-0,20-0,2-1,3-1,4-1,5-1,6-1,7-1,8-1,9-1,10-1,11-1,12-1,13-1,14-1,15-1,16-1,17-1,18-1,19-1,20-1,3-2,4-2,5-2,6-2,7-2,8-2,9-2,10-2,11-2,12-2,13-2,14-2,15-2,16-2,17-2,18-2,19-2,20-2,4-3,5-3,6-3,7-3,8-3,9-3,10-3,11-3,12-3,13-3,14-3,15-3,16-3,17-3,18-3,19-3,20-3,5-4,6-4,7-4,8-4,9-4,10-4,11-4,12-4,13-4,14-4,15-4,16-4,17-4,18-4,19-4,20-4,6-5,7-5,8-5,9-5,10-5,11-5,12-5,13-5,14-5,15-5,16-5,17-5,18-5,19-5,20-5,7-6,8-6,9-6,10-6,11-6,12-6,13-6,14-6,15-6,16-6,17-6,18-6,19-6,20-6,8-7,9-7,10-7,11-7,12-7,13-7,14-7,15-7,16-7,17-7,18-7,19-7,20-7,9-8,10-8,11-8,12-8,13-8,14-8,15-8,16-8,17-8,18-8,19-8,20-8,10-9,11-9,12-9,13-9,14-9,15-9,16-9,17-9,18-9,19-9,20-9,11-10,12-10,13-10,14-10,15-10,16-10,17-10,18-10,19-10,20-10,12-11,13-11,14-11,15-11,16-11,17-11,18-11,19-11,20-11,13-12,14-12,15-12,16-12,17-12,18-12,19-12,20-12,14-13,15-13,16-13,17-13,18-13,19-13,20-13,15-14,16-14,17-14,18-14,19-14,20-14,16-15,17-15,18-15,19-15,20-15,17-16,18-16,19-16,20-16,18-17,19-17,20-17,19-18,20-18,20-19
35.22782990761707,77.82030583337487,103.40696301506973,109.80892495603443,122.10241602851272,156.52475842498527,140.54536634126364,113.87712676389407,123.76186811776881,177.56407294269863,215.64090521049107,248.39484696748443,116.1077086157504,167.0,202.12125073826354,232.36393868240398,107.33592129385204,147.12239802287073,171.72361514946044,193.380454027805,46.09772228646444,75.43208866258443,88.95504482602435,107.5174404457249,140.4314779527724,123.4908903522847,96.77293009927931,117.34564329364768,169.07394831847986,206.47518010647187,238.92467432226417,118.92854997854805,166.715326230074,199.96999774966244,229.0589443789524,121.21056059601408,157.15597347857954,179.42686532400882,199.090431713832,31.38470965295043,53.08483775994799,77.87810988975015,106.0,89.02246907382428,65.11528238439882,97.49358953285082,142.20056258679148,177.2484132510077,208.47062143141417,111.12605455067681,150.29637387508723,179.42407865166817,206.0412580043133,127.4244874425634,154.8967397978408,172.59490143106777,188.60540819393276,28.30194339616981,55.226805085936306,77.92945527847606,61.61168720299745,42.43819034784589,80.62257748298549,117.74548823628021,150.65855435387664,180.87841220001906,101.87246929372037,132.43866504914644,157.94302770302968,182.54314558481784,126.53062870309307,146.4923206178399,160.31219541881399,173.35801106380978,26.92582403567252,53.08483775994799,36.013886210738214,14.212670403551895,53.2634959423431,90.13878188659973,124.31009613060397,155.3898323572041,77.62087348130012,104.35037134576953,129.71121771072848,154.72879499304582,106.7941945987702,121.64292005702592,133.60014970051492,145.6639969244288,34.48187929913333,19.849433241279208,13.0,29.154759474226502,64.32728814430156,100.07996802557443,132.03408650799233,58.309518948453004,77.83315488916018,102.85912696499032,128.39003076563228,92.5418824100742,99.92997548283498,109.07795377618706,119.6703806294607,17.11724276862369,43.68065933568311,47.92702786528704,44.598206241955516,73.08214556237385,102.95630140987001,78.74642849044012,75.02666192761077,88.3911760301898,108.2266141020775,116.1077086157504,112.0044641967453,113.26517558367179,117.2006825918689,26.92582403567252,42.04759208325728,57.30619512757761,89.05054744357274,119.60351165413162,73.33484846919642,80.99382692526635,99.80981915623332,122.09013064126027,109.4440496326776,111.46299834474219,116.61903789690601,123.71337841963576,39.408120990476064,77.12976079309465,112.36102527122117,144.01388821915754,65.52098900352466,90.13878188659973,115.83177456984762,141.35416513141735,97.02061636580135,108.85311203635843,119.85407794480753,131.52946437965906,53.85164807134504,91.92388155425118,124.66354719804824,31.400636936215164,52.839379254491625,83.19855767980596,111.75866856758807,68.30812543175226,70.8801805866774,80.44874144447506,92.76313923105448,38.07886552931954,70.83078426785913,72.62231062146122,40.44749683231337,43.93176527297759,64.88451279003334,107.56393447619885,88.02272433866155,80.22468448052632,77.87810988975015,32.7566787083184,108.40664186294121,65.19202405202648,42.7551166528639,42.190046219457976,140.86873322352267,114.20157617125956,98.84331034521254,87.32124598286491,139.98928530426892,93.60021367496978,63.25345840347388,44.14748010928823,170.84788555905513,140.73023839957068,121.82364302548172,105.67875850898325,51.24451190127583,86.83317338436964,117.38824472663352,37.57658845611187,44.654227123532216,61.85466837676846,80.23091673413684,35.6931365951495,66.2872536767062,77.52418977325722,49.39635614091387,40.0,42.720018726587654,30.59411708155671,111.89280584559492,78.24321056807422,58.60034129593445,44.64302857109943,141.8731828077456,106.3296760081587,83.86894538504703,64.53681120105021,41.10960958218893,67.00746227100382,90.0499861188218,26.076809620810597,49.36598018878993,23.345235059857504
30.265491900843113,53.23532661682466,55.90169943749474,61.98386886924694,102.15674231297707,142.33762678926468,173.21951391226105,194.81529714065064,95.33624704172071,115.00434774390054,102.07840124139877,90.0222194794152,88.29496021857646,73.37574531137656,34.20526275297414,9.433981132056603,81.30190649671138,67.62396025078685,38.897300677553446,17.204650534085253,27.018512172212592,37.8549864614954,56.089214649520635,90.55385138137417,132.54433220624713,165.19382555047267,188.0239346466295,93.62157870918435,115.24755962709145,103.73041983911952,91.76055797563569,96.04165762834376,84.02380615040002,48.60041152089147,25.317977802344327,97.74456506629922,87.09190547921202,62.39390995922599,44.40720662234904,18.35755975068582,44.04543109109048,69.35416353759881,111.11255554616679,144.2809758769326,167.5857989210303,80.1311425102625,102.0,92.35799911215054,81.40024569987489,90.60905032059435,82.37718130647589,56.568542494923804,45.31004303683677,100.17983829094555,93.30058949438637,75.02666192761077,62.81719509815764,26.1725046566048,53.03772242470448,95.08417323613851,128.0,151.08275877809487,61.773780845922005,83.64807230295268,74.06078584514209,63.25345840347388,73.40980860893181,66.64082832618455,47.67598976424087,46.66904755831214,85.70297544426332,80.89499366462674,67.468511173732,60.53924347066124,40.8166632639171,80.36168241145776,111.6288493177279,133.73481222179961,37.64306044943742,59.464274989274024,48.76474136094644,37.44329045369811,47.43416490252569,42.44997055358225,38.2099463490856,52.88667128870941,62.80127387243033,61.29437168288782,56.859475903318,59.07622195096772,42.04759208325728,75.02666192761077,98.2496819333274,32.01562118716424,46.06517122512408,44.721359549995796,42.190046219457976,60.530983801686226,66.48308055437865,78.24321056807422,92.84934033152847,86.68333173107735,91.67878707749138,95.46203433826454,99.85990186255943,33.24154027718932,56.71860364994893,53.2634959423431,47.853944456021594,57.201398584300364,63.655321851358195,79.64923100695951,91.93475947648963,114.93476410555685,133.24038426843418,108.23123393919151,118.0889495253472,129.5414991421668,137.88400922514546,23.53720459187964,79.84985911070852,66.61080993352356,79.07591289387686,88.54942122905152,101.25709851659784,115.76268828944843,143.8923208513922,164.34719346554112,128.68954891520912,140.91131963046828,156.58863304850706,167.28717822953436,100.16985574512923,84.17244204607586,97.30878685915265,107.83784122468327,118.51160280748886,133.82451195502264,164.45364088398895,186.11824198610947,144.5856147754679,157.94302770302968,175.9147520817967,187.97074240423694,21.93171219946131,13.892443989449804,11.180339887498949,29.410882339705484,39.05124837953327,64.28841264178172,87.05170877128145,57.245087125446844,65.29931086925804,76.94153624668537,87.80091115700337,13.341664064126334,25.019992006393608,34.66987164671943,49.658836071740545,82.38931969618392,107.16809226630845,62.289646009589745,74.33034373659252,92.04890004774636,105.80170130957252,12.165525060596439,22.627416997969522,36.71511950137164,69.18092222571191,94.42986815621421,51.088159097779204,62.00806399170998,78.74642849044012,92.5418824100742,18.439088914585774,28.284271247461902,57.42821606144492,82.29823813423954,46.06517122512408,54.48853090330111,68.15423684555495,80.89499366462674,16.1245154965971,54.12947441089743,81.9084855189009,28.600699292150182,39.66106403010388,59.53990258641679,76.23647421018367,39.21734310225516,67.62396025078685,21.02379604162864,26.248809496813376,43.41658669218482,60.530983801686226,28.653097563788805,49.51767361255979,38.58756276314948,19.924858845171276,23.53720459187964,77.62087348130012,65.06919393998976,38.07886552931954,19.1049731745428,16.0312195418814,44.598206241955516,65.7419196555744,29.5296461204668,51.31276644267,22.02271554554524
39.0,79.6994353806851,109.73149046650191,134.65882815471105,112.64102272262978,132.61221663180206,116.84605256490268,100.89598604503551,107.82393055347222,133.79461872586654,112.44554237496477,97.082439194738,101.17806086301516,136.5283853270081,116.72617529928752,97.49358953285082,96.38464608017192,141.85203558638133,171.2337583538947,197.03045449879062,41.0,70.8801805866774,95.70788891204319,85.98255637046388,118.22436297142819,106.06601717798213,89.47066558375433,88.52683209061533,126.14277624977183,108.4665847162157,92.34717104492157,92.19544457292888,135.85654198455074,120.20815280171308,102.3132444994293,98.85848471426213,145.82523787054146,176.7766952966369,203.08126452235814,30.083217912982647,56.61271941887264,64.4980619863884,108.93117092916977,102.59142264341595,88.02272433866155,77.3692445355388,123.79418403139947,112.16059914247963,97.73944955850733,93.02150289046077,140.05713120009278,130.04999038831184,115.52056094046635,110.35397591387454,153.9415473483361,184.61040057374882,210.28789789238942,28.42534080710379,67.11929677819934,116.00431026474836,114.27160627207444,102.35721762533407,86.46964785403026,134.72935834479432,127.61269529321916,115.16944039110375,108.24047302187847,154.35349040433132,148.06079832285116,135.95587519485872,130.18832512940628,170.06175348972502,199.68475154603067,224.4147945212169,90.09439494219383,139.04315876734103,139.46325680981354,128.75169901791588,111.32385189167684,159.24823389915505,154.042202009709,142.35167719419397,134.8332303254654,180.08053753806934,175.16278143486988,163.76812876747417,157.88920165736477,196.3797341886377,225.41073621280776,249.5956730394179,49.09175083453431,50.566787519082126,43.86342439892262,23.021728866442675,69.3757882838098,67.67569726275453,60.14149981501958,50.24937810560445,91.3892772703669,90.60353193998566,84.38601779915912,77.98717843338096,108.67382389517726,136.35615130972272,159.89058759038946,18.24828759089466,31.906112267087632,31.622776601683793,23.430749027719962,35.6931365951495,41.773197148410844,33.24154027718932,48.104053883222775,56.859475903318,61.29437168288782,56.0357029044876,66.48308055437865,90.4267659490264,112.36102527122117,16.64331697709324,28.160255680657446,21.213203435596427,19.72308292331602,23.53720459187964,15.811388300841896,40.85339643163099,42.80186911806539,43.93176527297759,38.3275357934736,58.180752831155424,86.02325267042627,110.21796586763884,21.400934559032695,37.0,25.298221281347036,16.64331697709324,6.4031242374328485,52.3450093132096,47.16990566028302,41.048751503547585,34.66987164671943,67.72001181334805,97.49358953285082,122.6906679417795,48.25971404805462,44.654227123532216,38.01315561749642,27.65863337187866,68.9492567037528,67.62396025078685,62.42595614005443,56.0357029044876,85.90692637965812,114.17968295629481,138.2931668593933,22.825424421026653,36.76955262170047,34.0,24.758836806279895,37.33630940518894,47.53945729601885,44.01136216933077,43.139309220245984,67.54257916307313,90.52071586106685,16.15549442140351,19.4164878389476,28.071337695236398,23.345235059857504,26.019223662515376,21.587033144922902,42.44997055358225,72.56031973468694,98.12746812182611,10.770329614269007,43.73785545725808,32.89376840679705,24.413111231467404,18.027756377319946,56.22277118748239,87.05170877128145,113.00442469213318,47.042533945356304,40.8166632639171,34.9857113690718,28.653097563788805,61.84658438426491,91.92388155425118,117.34564329364768,22.47220505424423,40.311288741492746,40.22437072223753,18.384776310850235,45.35416188179427,70.34912934784623,19.235384061671343,21.37755832643195,25.709920264364882,56.568542494923804,82.87339742040264,6.4031242374328485,44.598206241955516,74.95331880577403,101.20276676059801,47.07440918375928,77.92945527847606,104.23531071570709,31.064449134018133,57.3149195236284,26.30589287593181
44.654227123532216,89.80534505250787,121.82774724995944,139.20488497175666,131.24404748406687,160.72336482291553,129.61867149450345,116.36150566231085,115.35163631262454,136.61991070118586,88.29496021857646,89.49860334105779,106.30145812734649,124.61540835707277,78.5175139698144,77.41446893184762,107.42439201596628,121.33424908079334,86.33075929238663,80.49844718999243,46.61544808322666,81.43709228600933,103.94229168149026,99.18165152889924,129.31357237351384,95.75489543621255,81.74350127074322,94.25497334358543,113.5649593844862,63.324560795950255,64.03124237432849,98.60020283954795,113.37107214805724,70.178344238091,68.76772498781678,112.61438629233834,121.62236636408618,91.02197536858887,86.82165628459296,36.6742416417845,64.38167441127949,64.51356446515724,92.76313923105448,58.9406481131655,45.880278987817846,75.69015788066504,89.05054744357274,49.64876634922564,49.24428900898052,95.2732911156112,103.22790320451152,74.52516353554684,73.348483283569,120.07081243999309,122.7721466783081,102.1077861869505,100.40418317978589,31.304951684997057,37.53664875824692,60.41522986797286,30.4138126514911,24.041630560342615,64.03124237432849,68.79680225126747,52.630789467763066,51.419840528729765,93.13431161500041,94.11163583744573,82.71033792700887,82.00609733428362,123.10158406779338,120.59850745345068,110.02272492535349,110.35397591387454,14.317821063276353,29.154759474226502,10.63014581273465,22.847319317591726,49.47726750741192,44.91102314577124,55.226805085936306,53.81449618829484,82.28000972289685,77.10382610480494,82.20097323024831,82.00609733428362,113.8859078200635,107.20074626605917,106.00471687618433,108.04628637764465,30.14962686336267,7.211102550927978,18.681541692269406,35.17101079013795,32.31098884280702,44.41846462902562,43.04648650006177,68.00735254367721,63.00793600809346,69.42621983083913,69.35416353759881,99.62429422585637,92.91393867445294,92.28217596047462,94.57801012920498,34.132096331752024,48.041648597857254,53.75872022286245,37.589892258425,72.80109889280519,71.5122367151245,84.40379138403677,72.91776189653656,93.81364506296512,94.04786015641186,114.9086593777858,104.27847332982968,112.53888216967503,115.96551211459379,14.035668847618199,40.311288741492746,39.395431207184416,44.68780594300866,43.278170016764804,72.78049189171504,69.06518659932803,71.61005515987263,71.40028011149536,104.29285689825551,98.41239759298622,95.70788891204319,97.6165969494942,40.024992192379,46.09772228646444,34.40930106817051,33.015148038438355,70.02856560004639,70.09279563550022,63.50590523722971,63.06346010171025,100.71742649611338,97.12878049270464,89.49301648732151,90.62008607367353,21.37755832643195,31.016124838541646,30.463092423455635,32.89376840679705,30.083217912982647,41.14608122288197,41.6293165929973,64.51356446515724,58.137767414994535,59.033888572581766,62.24146527838174,50.48762224545735,49.64876634922564,47.4236228055175,35.4682957019364,62.03224967708329,62.625873247404705,77.38862965578342,66.85057965343307,76.57675887630658,80.60397012554654,1.4142135623730951,45.69463863518345,54.48853090330111,30.083217912982647,29.410882339705484,72.44308110509934,73.38937252763509,57.55866572463264,57.723478758647246,46.238512086787566,54.56189146281496,31.32091952673165,30.675723300355934,73.33484846919642,74.0,58.69412236331676,58.9406481131655,19.1049731745428,29.068883707497267,30.4138126514911,31.622776601683793,27.892651361962706,30.01666203960727,34.92849839314596,46.32493928760188,47.53945729601885,43.18564576337837,31.38470965295043,48.104053883222775,53.45091205957107,1.4142135623730951,45.880278987817846,51.85556864985669,28.0,27.65863337187866,47.16990566028302,53.2634959423431,29.017236257093817,28.442925306655784,17.26267650163207,21.93171219946131,27.202941017470888,35.11409973215888,41.10960958218893,6.082762530298219
51.0,103.4456378974,140.00357138301865,163.87800340497196,110.3675676999362,137.97463535012514,119.50313803411188,105.4229576515476,87.64131445842195,118.69709347747316,101.67103815738285,90.55385138137417,62.39390995922599,97.24710792614863,80.62257748298549,67.47592163134935,40.45985664828782,76.55063683601855,63.56886030125127,48.877397639399746,52.478567053607705,89.00561780022652,113.08846094982458,60.8276253029822,89.64373932405988,72.11102550927978,55.90169943749474,39.01281840626232,74.32361670424818,58.18934610390462,43.41658669218482,13.038404810405298,60.13318551349163,46.2709412050371,28.071337695236398,14.142135623730951,51.62363799656123,43.266615305567875,26.90724809414742,36.76955262170047,61.84658438426491,22.67156809750927,44.384682042344295,33.37663853655727,15.652475842498529,26.68332812825267,43.657759905886145,38.2099463490856,26.40075756488817,42.5205832509386,52.630789467763066,53.48831648126533,47.01063709417264,64.07807737440318,67.35725647619564,69.58448102845921,65.62011886609167,26.019223662515376,36.359317925395686,37.013511046643494,43.382023926967726,41.0,56.568542494923804,55.94640292279746,61.61168720299745,58.077534382926416,78.23042886243178,77.3692445355388,84.1486779456457,82.03657720797473,100.84641788382967,98.2496819333274,103.12128781197411,101.6366075781753,55.21775076911409,56.43580423808985,67.446274915669,67.00746227100382,77.69813382572325,79.37883848986453,86.97700845625813,84.09518416651456,101.55294185792945,102.59142264341595,110.07270324653611,107.91200118615167,125.54282137979854,124.14507642270796,129.1394595001853,127.283148923964,60.13318551349163,53.85164807134504,38.01315561749642,22.847319317591726,65.29931086925804,60.876925020897694,48.010415536631214,48.27007354458868,75.07329751649384,74.30343195303969,64.5600495662759,74.43117626371358,87.66413177577246,87.93179174792243,80.39900496896712,18.867962264113206,34.132096331752024,71.06335201775947,26.076809620810597,39.92492955535426,47.4236228055175,83.00602387778854,52.952809179494906,65.55150646628954,71.61005515987263,97.59098319004681,78.16009211867653,86.92525524840292,92.0869154657707,19.1049731745428,59.00847396772772,12.806248474865697,21.587033144922902,29.068883707497267,66.70832032063167,36.0,47.12748667179272,52.80151512977634,79.2464510246358,60.207972893961475,68.35202996254024,73.23933369440222,40.01249804748511,28.160255680657446,23.600847442411894,17.26267650163207,48.877397639399746,38.948684188300895,43.289721643826724,42.05948168962618,65.0,57.42821606144492,62.20128616033595,62.39390995922599,67.60177512462228,57.584720195551874,41.14608122288197,26.076809620810597,68.60029154456998,62.93647591023825,49.09175083453431,53.009433122794285,74.65252842335616,72.069410986909,61.40032573203501,17.029386365926403,31.32091952673165,71.06335201775947,27.202941017470888,41.340053217188775,51.22499389946279,79.32212806020776,52.92447448959697,62.76941930590086,70.71067811865476,17.11724276862369,56.32051136131489,15.811388300841896,25.632011235952593,34.20526275297414,62.433965115151864,38.63935817272331,47.01063709417264,53.75872022286245,39.81205847478876,27.80287754891569,27.202941017470888,25.079872407968907,50.20956084253277,41.23105625617661,45.044422518220834,45.617978911828175,61.66036003787198,50.32891812864648,32.64965543462902,27.16615541441225,58.52349955359813,52.32590180780452,38.07886552931954,16.64331697709324,32.55764119219941,60.728905802755904,25.942243542145693,36.87817782917155,48.373546489791295,18.24828759089466,44.91102314577124,14.142135623730951,21.470910553583888,31.76476034853718,28.635642126552707,26.248809496813376,23.40939982143925,20.591260281974,46.2709412050371,35.4400902933387,17.08800749063506,13.0,30.01666203960727,18.439088914585774
41.7612260356422,96.21330469326995,127.1416532848303,142.6639407839276,129.3560976529518,183.65728953678914,215.9837956884729,242.33035303073365,126.69648771769484,159.20113064925135,135.02962637880623,116.24543001770004,124.01612798341996,175.10282693320517,216.453228204155,250.9661331733826,119.36917525056458,158.4455742518547,184.05433980213562,206.51634317893584,59.20304046246274,95.2732911156112,118.25819210524064,106.7941945987702,161.27616066858735,195.020511741714,222.03603311174518,112.8716084761797,141.05672617780408,116.03878661895772,96.04686356149273,119.61605243444544,166.50825805346713,205.65018842685265,238.67970169245646,125.67020331009256,164.51443705644803,190.3785702225962,212.49235280357738,39.319206502675,70.21395872616783,63.324560795950255,112.36102527122117,146.21901381147393,173.1040149736568,82.00609733428362,99.29753269845128,76.48529270389177,59.07622195096772,101.53324578678651,135.4843164355196,168.7986966774329,198.48677537810926,121.6552506059644,154.40207252495026,178.10390225932727,198.07069445023916,34.9857113690718,34.40930106817051,74.33034373659252,107.78682665335315,134.45073447177595,60.83584469702052,66.2872536767062,48.41487374764082,39.293765408777,86.97700845625813,107.48953437428223,135.69450983735487,163.04907236779974,114.27160627207444,139.46325680981354,160.17802595861892,177.79201331893398,14.142135623730951,43.18564576337837,77.1621668954417,104.23531071570709,37.21558813185679,31.400636936215164,20.0,28.284271247461902,65.12296062065974,73.87827826905551,100.72239075796404,128.70508925446578,95.88534820294495,113.35784048754634,131.3202193114221,147.13938969562162,54.817880294662984,88.28363381737297,115.26057435220423,27.65863337187866,36.138621999185304,14.142135623730951,14.142135623730951,55.326304774492215,73.87827826905551,105.47511554864494,135.5912976558599,85.05292469985967,106.25441167311595,126.11502686040232,143.42245291445826,34.0147027033899,61.07372593840988,62.369864518050704,29.206163733020468,49.24428900898052,67.4166151627327,83.48652585896721,61.1310068623117,69.52697318307479,90.91754506144565,113.74093370462545,116.72617529928752,127.03542812932147,137.11673858431726,27.073972741361768,91.2414379544733,57.271284253105414,80.95677859203639,100.16985574512923,107.05606008068857,68.87670143089025,55.10898293381942,64.35060217278468,134.5362404707371,127.9531164137865,131.70041761513136,136.36715146984628,116.61903789690601,83.16850365372699,107.44766167767449,126.90547663517127,129.79984591670362,85.70297544426332,58.240879114244144,51.264022471905186,155.21919984331836,143.1258187749506,142.35167719419397,142.87407042567241,34.132096331752024,17.46424919657298,23.345235059857504,28.0,54.78138369920935,92.77930803794561,126.0634760745554,58.69412236331676,78.77182237323191,99.4786409235671,117.80067911519016,25.019992006393608,45.0111097397076,54.378304497290095,43.9089968002003,69.77822009767804,99.46356116689167,84.970583144992,92.02173656261873,106.09901036296239,119.61605243444544,20.0,45.17742799230607,59.81638571495272,92.65527507918802,123.79418403139947,76.11832893594026,93.86160024205851,112.80514172678478,129.65338406690356,47.75981574503821,76.53757247260981,111.8257573191436,143.54441821262157,75.32595834106593,100.64790112068906,122.3315167894194,141.0319112825179,51.62363799656123,93.38094023943002,128.2653499585917,31.32091952673165,53.33854141237835,76.57675887630658,96.93812459502195,41.773197148410844,76.68767828015137,71.02112361825881,59.09314681077663,66.007575322837,76.6550715869472,34.92849839314596,110.98198051936178,89.8276126811795,85.0881895447306,84.64632301523794,145.3994497926316,121.24768039018313,111.80339887498948,105.47511554864494,39.395431207184416,65.30696746902278,87.72684879784524,25.942243542145693,48.33218389437829,22.47220505424423
39.0,86.97700845625813,125.35549449465708,157.48650735856708,108.2266141020775,154.434452114805,185.23768515072737,212.05895406702354,102.20078277586722,134.2013412749664,96.93296652842108,69.9714227381436,98.0,127.09838708654017,89.56003573022959,58.249463516842795,96.46242791885346,128.57682528356344,142.12670403551894,156.43848631331102,51.10772935672255,90.0499861188218,121.24768039018313,93.74433316206373,139.71757226634023,170.20575783445165,196.69773765857096,98.50888284819801,129.0155029444136,90.0499861188218,60.07495318350236,105.47511554864494,131.47243057006287,93.60555539069249,63.071388124885914,114.40279716860073,143.8923208513922,156.11854470241516,169.941166289984,38.948684188300895,70.57619995437555,70.9365914038728,109.29318368498559,137.09121051329294,161.89502771858065,90.0,112.80514172678478,79.40403012442127,58.008620049092706,109.87720418721983,127.61269529321916,96.42613753542138,77.47257579298626,130.0,152.620444239951,161.9660458244258,174.0,32.55764119219941,76.21679604916491,99.31767214348109,121.51131634543344,143.01398533010678,102.7277956543408,116.0,92.66067126888301,82.37718130647589,128.4445405612866,138.80922159568507,115.69356075426151,105.68348972285122,153.37861650177967,170.41713528867922,177.341478509682,187.52333188166213,100.72239075796404,111.94641575325224,127.534309109353,144.55794685869054,128.87590930814028,136.48443134658254,119.54078801814885,113.35784048754634,156.236999459155,162.82505949638096,144.10065926289164,137.13132391981054,182.6608879864543,197.02284131541703,202.62773748921938,211.65301793265317,46.61544808322666,77.47257579298626,104.27847332982968,28.635642126552707,42.05948168962618,21.095023109728988,38.27531841800928,57.3149195236284,62.68173577685928,47.095647357266465,57.0087712549569,86.0,96.46242791885346,101.96568050084302,111.51681487560519,30.870698080866262,57.697486947006624,59.033888572581766,38.47076812334269,59.54829972383762,84.53401682163222,83.6301381082203,70.45565981523414,79.63039620647382,100.26464980241042,112.53888216967503,109.55363982999378,109.04127658827184,113.28283188550682,26.832815729997478,87.78382538941898,61.29437168288782,89.62700485902673,115.3819743287486,109.40292500660117,90.47098982546837,107.5174404457249,130.43005788544295,136.8575902169843,128.08200498118384,124.53513560437472,125.4830665866913,113.85077953180645,85.63293758829018,116.21101496846157,142.21462653327893,133.86933928274988,112.36102527122117,133.05637902783917,156.98407562552325,160.20611723651504,148.07092894960846,142.67795905464865,141.40014144264495,32.01562118716424,10.63014581273465,38.63935817272331,29.0,37.64306044943742,21.02379604162864,44.384682042344295,58.309518948453004,68.15423684555495,74.62573282722254,85.27602242131137,39.01281840626232,69.00724599634447,48.27007354458868,32.0624390837628,48.25971404805462,76.21679604916491,75.66372975210778,71.17583859709698,71.56814934033156,77.4919350642375,30.0,36.87817782917155,48.27007354458868,26.019223662515376,40.80441152620633,65.03076195155643,77.82030583337487,84.87638069569178,95.77577981932593,52.3450093132096,73.824115301167,38.948684188300895,24.186773244895647,72.44998274671983,94.847245611035,104.80458005259122,117.44360348695028,29.427877939124322,13.45362404707371,42.720018726587654,29.614185789921695,42.80186911806539,52.49761899362675,65.45991139621256,38.3275357934736,70.34912934784623,48.79549159502341,39.11521443121589,40.52159917870962,48.877397639399746,32.0624390837628,39.11521443121589,56.22277118748239,65.85590330410783,78.60025445251433,53.907327887774215,81.27115109311545,93.15041599477696,106.89246933250256,32.38826948140329,46.2709412050371,60.530983801686226,14.0,28.160255680657446,14.317821063276353
43.965895873961216,81.02468759581859,109.89540481748998,140.8900280360537,104.4030650891055,148.8388390172404,177.5894140989265,201.5341162185698,101.91172650877817,152.0690632574555,186.00268815261785,214.28252378577213,95.88013350011565,142.30249470757707,172.80046296234278,198.4968513604183,88.05679985100527,124.08464852672147,148.06079832285116,168.5852899869974,40.52159917870962,72.2357252334328,103.46496991735899,85.95929269136641,129.0348790056394,157.8005069700348,181.63975335812367,92.04890004774636,138.19551367537227,170.8156901458411,198.33809518093088,96.18731725128839,135.72398461583714,163.23296235748464,186.9438418349211,99.82484660644363,127.1927670899568,146.50938536489735,164.01219466856725,32.2490309931942,63.15853069855251,64.07027391856539,100.65783625729296,127.91012469699183,150.8409758653132,77.92945527847606,114.54256850621083,144.22205101855957,170.1763790894612,91.18113840043894,119.0,141.8767070381886,162.7820628939196,104.5609869884557,120.33287165193059,133.5402561027947,147.08500943332058,31.32091952673165,54.120236510939236,78.40918313565064,102.88342918079665,124.42266674525185,72.94518489934754,96.08329719571451,121.6552506059644,145.60219778561037,92.09777413162601,106.7379969832674,124.10076550932311,141.7956275771577,111.5212984142491,116.61903789690601,123.64869590901475,133.00375934536586,67.42403132415029,72.42237223399962,90.0222194794152,108.04628637764465,87.20091742636656,93.40770846134703,111.44954015158609,131.38112497615478,109.0,110.45361017187261,120.20815280171308,132.84953895290718,131.52946437965906,127.98828071350908,128.70120434556935,133.01503674397117,44.598206241955516,73.55270219373317,97.59098319004681,19.849433241279208,52.392747589718944,84.90583018850944,112.6454615153225,41.677331968349414,55.08175741568164,78.587530817554,101.23734488813898,65.19202405202648,62.68173577685928,70.61161377563892,83.02409288875127,29.0,53.03772242470448,50.92150822589606,21.633307652783937,43.68065933568311,69.77105417004964,69.58448102845921,43.829214001622255,47.80167361086848,63.387695966961914,94.26027795418386,71.47027354082255,61.84658438426491,61.40032573203501,24.041630560342615,77.89736837660179,32.14031735997639,22.47220505424423,42.720018726587654,93.92017887546851,56.142675390472796,41.400483088968905,43.965895873961216,117.38824472663352,88.0056816347672,70.3420215802759,60.207972893961475,101.24228365658294,52.92447448959697,25.317977802344327,24.515301344262525,115.95257651298655,74.14849964766651,50.635955604688654,39.05124837953327,138.51353724455961,106.21205204683694,85.00588214941364,69.63476143421474,50.20956084253277,84.1486779456457,112.43220179290273,22.47220505424423,43.68065933568311,72.069410986909,97.082439194738,47.07440918375928,43.829214001622255,56.0,72.03471385380801,33.94112549695428,62.22539674441618,63.071388124885914,25.0,28.0178514522438,48.84669896727925,85.72630868059116,56.142675390472796,41.677331968349414,39.824615503479755,28.284271247461902,95.71833680126291,50.92150822589606,25.317977802344327,21.587033144922902,116.77756633874505,82.46211251235322,60.07495318350236,44.384682042344295,123.45849504995596,77.41446893184762,47.75981574503821,25.019992006393608,143.65583872575453,107.70329614269008,83.24061508662703,63.63961030678928,47.38143096192854,78.49203781276162,104.6900186264192,25.079872407968907,31.016124838541646,52.392747589718944,72.71863585079137,31.144823004794873,57.38466694161429,66.24198064671678,32.14031735997639,18.439088914585774,28.442925306655784,26.248809496813376,96.79876032264049,60.00833275470999,35.6931365951495,19.313207915827967,122.88612614937456,85.47514258543241,60.00833275470999,39.293765408777,38.948684188300895,65.05382386916237,87.0,26.248809496813376,48.27007354458868,22.02271554554524
64.25729530566937,131.93938001976514,173.95401691251627,219.65882636488797,105.07616285342742,103.24727599312246,86.31338250816034,77.47257579298626,58.309518948453004,85.23496934944014,64.4980619863884,52.839379254491625,30.066592756745816,71.34423592694787,51.35172830587107,22.135943621178654,44.41846462902562,65.43699259593154,58.05170109479997,39.96248240537617,68.59300255857006,112.04017136723775,159.11316727411344,58.137767414994535,52.392747589718944,36.124783736376884,13.601470508735444,53.9351462406472,62.609903369994115,43.278170016764804,14.317821063276353,78.56844150166147,82.41965784932621,71.69379331573968,53.03772242470448,108.25894882179486,104.80935072788114,101.0,94.02127418834527,44.40720662234904,92.22797840135064,52.773099207835045,70.0,70.3846574190711,57.0087712549569,99.6393496566492,106.88779163215975,98.95453501482385,82.21921916437786,140.42791745233566,140.52046114356443,135.34031180694095,121.49897118905987,174.8742405273001,170.06469357276953,167.36188335460378,162.3730273167314,47.853944456021594,79.40403012442127,110.92339699089638,113.8859078200635,101.1236866416568,134.23859355639868,149.6963593411677,143.17821063276352,126.0,178.98603297464302,184.5697700058165,179.7470444819608,165.07574019219177,215.64090521049107,214.46211786700232,211.68372634664195,206.0606706773517,119.36917525056458,157.66420012165096,161.55494421403512,148.66068747318505,175.41379649275024,197.0101520226813,191.02355875650522,173.23394586512194,222.03152929257593,232.36178687555318,227.55438910291315,212.03773249117714,260.09421369957465,262.21365334398587,259.3067681338071,253.03161857759991,94.57801012920498,84.59905436823747,56.61271941887264,56.04462507680822,118.40608092492548,101.11874208078342,71.02816342831905,103.0970416646375,140.41723540933285,128.2809416865966,103.46496991735899,142.22517358048822,159.31415505221122,154.31461369552787,142.61837188805654,17.4928556845359,43.01162633521314,106.30145812734649,40.311288741492746,43.86342439892262,54.589376255824725,125.36347155371855,79.05694150420949,81.32035415564789,83.86894538504703,146.6594695203825,115.31695452100702,115.24755962709145,118.51160280748886,29.120439557122072,89.94442728707543,36.89173349139343,31.144823004794873,37.12142238654117,107.89810007595129,71.02112361825881,69.46221994724903,67.67569726275453,130.09611831257686,104.30723848324239,103.24727599312246,104.17773274553444,64.51356446515724,61.84658438426491,46.32493928760188,25.495097567963924,92.09777413162601,87.65842800324451,79.55501241279521,64.77653896280658,121.64292005702592,113.77170122662314,110.65260954898443,105.47511554864494,110.47624178980746,87.86353054595519,56.142675390472796,48.0,115.97413504743201,98.4733466477097,66.70832032063167,88.2779700718135,121.82774724995944,115.10864433221339,98.2700361249552,23.0,54.817880294662984,113.05308487608819,39.81205847478876,47.20169488482379,63.15853069855251,123.70933675353692,78.18567643756751,79.60527620704548,87.86353054595519,33.1058907144937,91.0823802938856,41.78516483155236,38.3275357934736,43.01162633521314,105.55093557141026,73.17103251970687,72.18032973047436,74.70609078247904,71.21797525905943,69.52697318307479,57.697486947006624,39.319206502675,97.24710792614863,90.52071586106685,86.68333173107735,80.15609770940699,101.40019723846694,81.39410298049853,51.24451190127583,40.607881008493905,91.706052144883,83.72574275573791,62.42595614005443,20.024984394500787,51.92301994298868,98.97979591815695,39.44616584663204,42.5205832509386,56.824290580701486,32.69556544854363,80.62257748298549,35.0,33.95585369269929,41.036569057366385,62.93647591023825,56.60388679233962,50.99019513592785,41.0,74.06078584514209,66.007575322837,44.181444068749045,8.246211251235321,30.805843601498726,22.561028345356956
55.0,102.35721762533407,131.9280106724876,151.72672803431834,121.69634341261039,184.09780009549272,226.947130407062,258.8609665438187,104.17773274553444,159.02829936838285,127.5617497528158,104.9952379872535,93.38094023943002,153.15351775261317,135.4289481610191,115.67627241573788,97.94386147176351,157.00318468107582,187.82971010998233,213.32838535928593,51.10772935672255,86.31338250816034,110.8873302050329,67.26812023536856,132.5028301584536,176.6635219845908,208.88752954640447,56.639209034025185,118.84864324004712,93.47192091746055,72.44998274671983,65.30696746902278,124.42266674525185,112.58774356030055,95.63472172804185,88.81441324469807,140.1606221447379,170.48460341039598,194.58674158328466,38.07886552931954,65.39113089708727,25.553864678361276,81.93289937503738,125.67418191498204,157.8670326572334,12.165525060596439,73.40980860893181,58.077534382926416,46.09772228646444,49.040799340956916,90.00555538409837,86.34813257969161,76.48529270389177,83.54639429682169,115.95257651298655,142.79005567615695,164.01219466856725,27.892651361962706,46.09772228646444,58.215118311311535,96.54014708917737,127.7810627597063,29.698484809834994,35.73513677041127,33.301651610693426,39.05124837953327,50.24937810560445,59.77457653551382,64.20280367709809,63.245553203367585,80.4114419718985,91.7877987534291,114.17968295629481,132.67252918370102,73.10950690573696,60.207972893961475,87.14355971613737,115.52488909321661,55.569775957799216,8.06225774829855,29.068883707497267,48.46648326421054,61.09828148156051,39.05124837953327,51.884487084291386,59.682493245507096,82.02438661763951,74.24957912338628,91.67878707749138,107.70329614269008,68.60029154456998,113.6001760562016,145.6605643267937,34.655446902326915,80.39900496896712,75.27283706623525,68.60029154456998,73.55270219373317,105.11898020814318,105.70241246064349,98.73702446397704,108.2081327812286,134.8332303254654,159.3549497191725,178.61970775925036,45.0,77.10382610480494,80.60397012554654,61.07372593840988,85.44003745317531,97.01546268507923,108.46197490364999,98.08159868191383,112.0044641967453,117.39250401963491,137.27709204379295,133.5440002396214,146.4923206178399,157.2800050864699,32.2490309931942,122.77621919573839,83.86298349093002,116.03878661895772,132.6386067478093,145.0,117.34138229968147,136.12494260788506,146.66969693839283,169.14490828872147,150.6154042586614,154.76756766196203,158.44872987815333,154.69324484281788,111.07204868912791,144.5856147754679,162.60688792299052,175.13708916160505,141.2834031300209,161.5239920259526,174.01149387324966,197.20547659738054,172.20046457544765,171.39719951037708,170.5813588877753,63.631753079732135,46.010868281309364,34.48187929913333,38.948684188300895,78.05767098754612,74.21590126111789,64.88451279003334,73.59347797189639,103.81233067415451,130.64838307457157,152.0,34.20526275297414,55.00909015790027,67.54257916307313,37.013511046643494,52.81098370604357,63.0317380372777,86.14522621712709,72.47068372797375,87.46427842267951,102.1420579389313,22.627416997969522,34.40930106817051,32.2490309931942,31.064449134018133,31.953090617340916,53.150729063673246,59.61543424315552,84.8528137423857,106.00471687618433,12.649110640673518,52.0,42.01190307520001,30.4138126514911,42.05948168962618,71.34423592694787,100.07996802557443,123.17873193047572,61.05735008989499,47.29693436154187,31.064449134018133,34.655446902326915,75.16648189186454,105.22357150372724,129.29423807734048,21.840329667841555,39.96248240537617,63.50590523722971,35.4682957019364,54.405882034941776,74.06078584514209,19.849433241279208,42.190046219457976,29.614185789921695,58.215118311311535,82.0,24.041630560342615,44.553338819890925,75.18643494673756,99.92997548283498,59.16924876994806,89.89438247187641,115.41230437002807,31.016124838541646,56.36488268416781,25.553864678361276
